guest_email,has_rewards,room_type,amenities_fee,checkin_date,checkout_date,room_rate,billing_address,credit_card_number
michaelsanders@shaw.net,False,BASIC,37.89,27 Dec 2020,29 Dec 2020,131.23,"49380 Rivers Street
Spencerville, AK 68265",4075084747483975747
randy49@brown.biz,False,BASIC,24.37,30 Dec 2020,02 Jan 2021,114.43,"88394 Boyle Meadows
Conleyberg, TN 22063",180072822063468
webermelissa@neal.com,True,DELUXE,0.0,17 Sep 2020,18 Sep 2020,368.33,"0323 Lisa Station Apt. 208
Port Thomas, LA 82585",38983476971380
gsims@terry.com,False,BASIC,,28 Dec 2020,31 Dec 2020,115.61,"77 Massachusetts Ave
Cambridge, MA 02139",4969551998845740
misty33@smith.biz,False,BASIC,16.45,05 Apr 2020,,122.41,"1234 Corporate Drive
Boston, MA 02116",3558512986488983
garciacarol@reid-crawford.biz,True,BASIC,0.0,18 Oct 2020,20 Oct 2020,177.76,"653 Brianna Mill
Burtonview, TX 66595",4701079720447404938
phillipsmatthew@powers-martinez.com,False,BASIC,19.56,22 Nov 2020,24 Nov 2020,108.09,"923 Bonilla Extension Apt. 787
Brianside, TN 20966",6011956907055260
michael86@mann-king.com,False,BASIC,15.23,04 Mar 2020,05 Mar 2020,111.12,"993 Rebecca Landing
Jesseburgh, PA 05072",4266279461142102517
mariaanderson@fitzpatrick.com,False,BASIC,,06 Jan 2020,08 Jan 2020,124.23,"2506 Christopher Lock
Lake Paul, IL 17894",4779208902549
aaron44@porter.com,False,BASIC,37.1,22 Jan 2020,26 Jan 2020,114.44,"48130 Dougherty Mews
Lake Brendaland, CO 39494",676384499254
courtney10@mack-mccormick.com,False,BASIC,14.55,15 Jun 2020,16 Jun 2020,106.09,"4084 Heather Locks Apt. 091
Blackwellport, GA 62060",3576959406725080
jeremyhunt@nguyen.com,False,BASIC,4.54,23 Oct 2020,25 Oct 2020,116.36,"PSC 3287, Box 9500
APO AP 41046",675991525725
pdavidson@sanchez-hughes.com,False,BASIC,8.15,07 Mar 2020,09 Mar 2020,114.03,"241 Castro Fields Suite 715
East Timothy, OH 09119",4092078584581
hwaters@sexton.net,False,BASIC,17.94,12 Aug 2020,13 Aug 2020,136.73,"56954 Montgomery Loop
Williamshire, NJ 43500",4483421863642
michael21@miller.com,True,BASIC,0.0,01 Oct 2020,05 Oct 2020,83.8,"PSC 3906, Box 8892
APO AE 45779",4253047975942
tamara85@baker.net,False,BASIC,9.76,19 Jul 2020,21 Jul 2020,109.97,"2189 Cooper Falls
Calderonstad, MS 74354",563273068871
erinnguyen@mcgee-cole.biz,False,DELUXE,12.87,14 Jul 2020,16 Jul 2020,238.52,"0323 Lisa Station Apt. 208
Port Thomas, LA 82585",3509825543444962
roberto53@diaz.com,False,BASIC,12.31,02 Mar 2020,04 Mar 2020,228.68,"3654 Michelle Neck
Ryanport, IA 84925",3559348543878898
andrew80@bush.com,False,DELUXE,17.7,16 Jul 2020,19 Jul 2020,179.43,"PSC 7238, Box 7911
APO AP 10973",2247314498652894
tiffanykrause@martinez-briggs.com,False,BASIC,7.56,31 May 2020,02 Jun 2020,138.28,"703 Edwards Orchard Apt. 348
North William, AL 38402",2290513662982427
jamieclark@gray-barnes.org,False,BASIC,13.74,30 May 2020,01 Jun 2020,107.53,"77 Massachusetts Ave
Cambridge, MA 02139",180065036602337
jessica28@payne-roach.info,False,BASIC,10.76,13 Oct 2020,16 Oct 2020,108.53,"1673 Perez Forge
Jacksonside, NM 58594",4670439786825211106
david92@nichols.com,False,BASIC,9.76,22 May 2020,23 May 2020,108.4,"480 David Greens Apt. 032
Dominicbury, OH 38657",4249793726653
ujones@potter.com,False,BASIC,3.77,13 Sep 2020,17 Sep 2020,113.16,"PSC 3287, Box 9500
APO AP 41046",4010294825813198
jerryblake@brooks.com,False,BASIC,26.47,27 Jul 2020,30 Jul 2020,154.4,"94102 Thomas Causeway
Villafurt, MN 40012",213108431357494
pwilliams@jenkins-cantrell.com,False,BASIC,14.03,30 Nov 2020,01 Dec 2020,140.95,"5805 Norris Radial Suite 023
West Stephen, RI 08085",30213206437256
hubbardryan@fowler.com,True,BASIC,0.0,26 Aug 2020,27 Aug 2020,101.31,"1234 Corporate Drive
Boston, MA 02116",4551878586989
glen69@thompson.com,True,BASIC,0.0,05 Jul 2020,07 Jul 2020,93.97,"77376 Brett Station Apt. 553
Port Sandyton, OK 99254",343863920293179
oparker@hendricks.info,False,BASIC,,08 Dec 2020,10 Dec 2020,120.15,"8302 Nathaniel Pike
Rileyland, TX 71613",571167792928
warnerlogan@martinez.com,False,BASIC,17.32,05 Nov 2020,07 Nov 2020,118.07,"5678 Office Road
San Francisco, CA 94103",4704147652368811480
kelly94@smith.com,True,DELUXE,0.0,03 Dec 2020,06 Dec 2020,184.39,"776 Parker Locks Suite 350
Pamelamouth, WY 15909",4104817616762
stephanie26@parker.com,False,BASIC,28.41,05 May 2020,07 May 2020,110.68,"430 Pacheco Way Suite 104
Codyville, OK 98583",2255876870833937
spencershawn@clark.com,False,BASIC,30.86,14 Nov 2020,16 Nov 2020,119.96,"5678 Office Road
San Francisco, CA 94103",4196831074465
michaelmitchell@perry.com,False,BASIC,7.92,11 Aug 2020,15 Aug 2020,118.15,"742 Walton Inlet Apt. 760
East John, OH 44121",4372475126552
oreyes@knapp-bowman.com,False,BASIC,32.68,11 Aug 2020,13 Aug 2020,119.06,"28037 Janice Causeway
Pierceshire, MO 81176",4484017750569544
joneshaley@smith.info,False,BASIC,13.02,03 Oct 2020,05 Oct 2020,125.77,"776 Parker Locks Suite 350
Pamelamouth, WY 15909",3563866109003415
ajenkins@smith-horton.org,False,BASIC,19.13,12 Jul 2020,14 Jul 2020,124.48,"64885 Tapia Passage Suite 661
South Williamburgh, UT 73113",379626111119090
destiny51@underwood.biz,False,BASIC,27.45,28 Jan 2020,29 Jan 2020,176.31,"PSC 6601, Box 6562
APO AE 40511",4026911632249
toddkaitlin@leon-collier.com,True,BASIC,0.0,20 Feb 2020,23 Feb 2020,98.41,"5678 Office Road
San Francisco, CA 94103",4942094262703149
stephanie54@ray.info,False,BASIC,9.51,18 May 2020,19 May 2020,195.73,"442 David View
Brittanyton, AR 48257",586471481935
kevin61@wagner.com,False,SUITE,,21 Jan 2020,22 Jan 2020,264.79,"5562 Andrews Burg Apt. 061
East Jacqueline, AR 85662",4506717789672128364
leslie70@taylor-davis.com,False,BASIC,,13 Sep 2020,,112.46,"4011 Butler Drive
Sharonview, MN 53592",4495106062613062000
grossnatalie@davis.com,False,DELUXE,15.64,05 Aug 2020,06 Aug 2020,197.21,"6535 Andre Mountain Suite 741
Melaniestad, VA 73781",2242995672400517
glynch@williams.com,False,BASIC,16.23,04 Jul 2020,06 Jul 2020,128.66,"40196 Smith Stravenue Suite 572
Greenshire, SC 67947",30277478142829
ogomez@vazquez.com,False,BASIC,6.68,13 Jul 2020,16 Jul 2020,126.3,"6403 Allen Dam
East Kevinburgh, NM 18948",4440004935964264
parker02@brooks-lee.com,False,BASIC,22.27,06 Sep 2020,08 Sep 2020,173.11,"82622 Christopher Skyway Apt. 066
Hopkinsview, SC 55350",4799286980280913
evansraymond@davis-rodriguez.com,False,BASIC,38.21,20 May 2020,25 May 2020,162.76,"PSC 8213, Box 6869
APO AP 90929",30145483229883
douglasayers@mcclain.net,False,BASIC,23.61,11 May 2020,13 May 2020,132.93,"77 Massachusetts Ave
Cambridge, MA 02139",30255137954032
wmonroe@stewart.com,False,BASIC,25.01,26 Jun 2020,29 Jun 2020,114.35,"12906 Gregory Creek
Obrienland, AK 14047",4821889109737689
nicholsonjoanne@watson.net,False,SUITE,27.51,19 Aug 2020,23 Aug 2020,268.16,"63517 Hernandez Squares Apt. 982
Davidview, NH 09163",30240040028009
hodgeskari@duffy.biz,True,DELUXE,0.0,08 Apr 2020,11 Apr 2020,222.55,"103 Marie Street
East Jonathan, OH 98726",2349865661751281
ibarradonald@williams-wade.info,False,BASIC,28.02,09 Jun 2020,11 Jun 2020,125.06,"5678 Office Road
San Francisco, CA 94103",3556805154473395
garciadarlene@ali.com,False,BASIC,32.25,01 Jan 2021,05 Jan 2021,105.42,"1234 Corporate Drive
Boston, MA 02116",4153708178750118
mackenzie40@hanson.com,False,DELUXE,28.18,04 Feb 2020,09 Feb 2020,185.08,"390 Robert Drives Suite 902
New Karen, AR 64353",180017311857920
andrewmartinez@white.com,False,BASIC,26.14,13 Sep 2020,17 Sep 2020,111.27,"4322 Wilson Squares
Matthewchester, HI 85123",4016023549459142452
sjones@cole.com,True,BASIC,0.0,09 May 2020,10 May 2020,143.57,"9324 Hernandez Rapid Apt. 929
East Erin, ID 77139",4847818679193
ylowe@evans.com,False,BASIC,11.62,16 Aug 2020,19 Aug 2020,118.04,"1234 Corporate Drive
Boston, MA 02116",2294477661503079
phillip50@murphy-lamb.info,False,BASIC,,13 Oct 2020,15 Oct 2020,292.5,"41459 Sarah Ranch
Floresview, ND 01693",180064426198428
christophercarter@murphy-matthews.com,False,SUITE,31.68,05 Jun 2020,08 Jun 2020,288.73,"USNS Rodriguez
FPO AP 12664",3556723727485418
russell00@meyer.com,False,SUITE,10.28,10 Mar 2020,11 Mar 2020,272.76,"PSC 2727, Box 8564
APO AP 86157",2669631248945594
thorntonbryan@johnson-hicks.org,False,DELUXE,22.87,25 Jun 2020,26 Jun 2020,187.99,"003 Schultz Extension
Williamport, IA 16397",3599849235456515
jonathan56@chandler.com,False,BASIC,28.04,12 Oct 2020,13 Oct 2020,153.1,"Unit 6443 Box 3520
DPO AP 62277",4462406877117731
holtebony@boyd.com,False,BASIC,28.45,28 Dec 2020,29 Dec 2020,115.79,"437 Margaret Ferry Suite 768
Scottport, RI 86472",349391012165075
joneskristin@taylor.com,False,BASIC,32.9,09 Jan 2020,11 Jan 2020,108.81,"1234 Corporate Drive
Boston, MA 02116",4461033775093730
nicole40@cherry.net,True,BASIC,0.0,16 Jan 2020,17 Jan 2020,115.45,"23146 Ramirez Cliffs Apt. 766
West Bobbyview, TX 19066",180095407605742
craiglawson@wilson.com,False,BASIC,23.72,20 Jul 2020,21 Jul 2020,120.34,"463 Simmons Forks
Port Eric, VA 11253",38651500078643
umercado@thomas.info,False,BASIC,,14 Jun 2020,17 Jun 2020,165.96,"8302 Nathaniel Pike
Rileyland, TX 71613",38416070843739
tatebethany@reynolds-sweeney.com,False,BASIC,20.5,22 Dec 2020,24 Dec 2020,118.66,"225 Helen Expressway Suite 021
Emilyburgh, DC 79691",2273379952126518
noahvargas@gallegos.net,False,SUITE,25.64,05 Jan 2020,07 Jan 2020,251.15,"0549 Lynn Hill
Simmonsland, MI 00790",372770926213149
allenpowell@cook.com,False,BASIC,28.73,24 Aug 2020,27 Aug 2020,144.23,"Unit 4836 Box 7023
DPO AP 35520",676148456368
sandra35@johnson.com,False,BASIC,9.1,05 Jun 2020,07 Jun 2020,103.07,"1234 Corporate Drive
Boston, MA 02116",38440331525190
gordonandrew@davis.com,False,BASIC,30.12,16 May 2020,18 May 2020,193.57,"71901 Jackson Rue
Patrickchester, OH 47113",213137436802238
qwilson@williams.com,False,BASIC,11.22,27 Sep 2020,28 Sep 2020,224.13,"77 Massachusetts Ave
Cambridge, MA 02139",213173894511136
brightjessica@evans.net,False,BASIC,24.93,10 Mar 2020,12 Mar 2020,113.1,"1234 Corporate Drive
Boston, MA 02116",3552531732620281
lance88@snow-rodriguez.net,False,DELUXE,27.41,16 Oct 2020,19 Oct 2020,181.27,"42400 Bryan View Apt. 310
Garciaside, NY 01999",213100856267969
lauren01@adams-booth.com,False,BASIC,15.81,30 Jan 2020,02 Feb 2020,104.97,"6535 Andre Mountain Suite 741
Melaniestad, VA 73781",372933357404500
thuff@gonzales-turner.com,False,BASIC,11.88,06 Oct 2020,08 Oct 2020,148.07,"1234 Corporate Drive
Boston, MA 02116",180095059590051
olynch@johnson-flores.info,False,BASIC,7.95,07 Feb 2020,13 Feb 2020,116.41,"Unit 4836 Box 7023
DPO AP 35520",587204144410
erichancock@stevenson.com,False,BASIC,14.6,22 Oct 2020,24 Oct 2020,111.04,"1234 Corporate Drive
Boston, MA 02116",30024532098062
shellysanders@may.org,False,BASIC,1.62,08 May 2020,,115.75,"49000 Johnson Cliffs Apt. 103
Jeremiahmouth, VA 47676",38440114662640
abigail37@wheeler.com,False,BASIC,18.49,20 May 2020,21 May 2020,262.15,"5678 Office Road
San Francisco, CA 94103",180015045859238
courtneyclark@young.com,False,BASIC,19.12,03 May 2020,06 May 2020,128.42,"77 Massachusetts Ave
Cambridge, MA 02139",4549468928629
dpennington@colon.org,False,BASIC,18.73,17 Dec 2020,19 Dec 2020,142.34,"7602 John Mill Apt. 258
Dustinbury, DE 85141",4666313723276
johnshannon@torres.com,False,BASIC,8.63,30 Dec 2020,31 Dec 2020,143.68,"77 Massachusetts Ave
Cambridge, MA 02139",4985421083146672550
myersmonica@jacobs.net,False,BASIC,10.45,04 Feb 2020,,155.61,"216 Stephanie Islands
Elainechester, DE 62055",4997172877158950
jvillarreal@cortez.info,False,BASIC,35.24,30 Jul 2020,01 Aug 2020,158.05,"34567 Nicholas Light
Hollyton, SC 33623",4411850363237942055
brittany47@joseph.com,False,BASIC,21.93,27 Nov 2020,30 Nov 2020,109.87,"047 Wood Spur Apt. 718
East Katrinaside, NC 99656",213115290031599
nford@hull.com,False,BASIC,12.33,22 Dec 2020,23 Dec 2020,116.2,"20185 Devin Junction Suite 985
New Damonshire, PA 92492",4687341156413122
jeffmcgee@griffin.com,False,SUITE,32.28,25 Mar 2020,31 Mar 2020,259.39,"787 Macias Village
North Thomasfurt, IA 83225",4241673115783198
rwebster@hicks.com,False,BASIC,21.66,07 Apr 2020,11 Apr 2020,109.86,"7874 Joshua Hills Apt. 837
Fullerfort, HI 81547",372955946988099
melissa09@bryan.com,False,BASIC,0.72,15 Feb 2020,17 Feb 2020,162.9,"1234 Corporate Drive
Boston, MA 02116",4491757306201
deborah36@escobar.net,False,BASIC,,15 Jan 2020,17 Jan 2020,112.16,"PSC 8213, Box 6869
APO AP 90929",3579007539433433
munozbeth@knox-howell.com,False,BASIC,20.11,18 Dec 2020,19 Dec 2020,118.56,"5678 Office Road
San Francisco, CA 94103",3580413909844349
blewis@mills.com,False,BASIC,,22 Aug 2020,24 Aug 2020,110.05,"4584 Barton Lock Apt. 572
South Mariaburgh, SD 73807",6011949938610104
erika24@gregory.com,False,BASIC,19.07,16 Dec 2020,18 Dec 2020,111.1,"77 Massachusetts Ave
Cambridge, MA 02139",180032330097168
david55@marshall.org,False,BASIC,19.0,04 Nov 2020,06 Nov 2020,144.18,"74489 Simmons Trail
Valdezstad, GA 17568",341355228072233
smithlaura@cox.org,False,BASIC,5.13,04 Dec 2020,08 Dec 2020,112.87,"726 Riley Course
Lake Oliviastad, CO 74863",6011643216990045
lisa92@lee.com,False,BASIC,34.09,04 Jun 2020,05 Jun 2020,112.4,"1025 Christopher Park Suite 699
East Tanyachester, MA 41757",6511354105782676
rhondaharding@morgan.info,True,BASIC,0.0,08 May 2020,09 May 2020,112.9,"250 Nicole Ramp
Lyonsview, OK 87183",6564242690472975
moorejason@hill.net,False,DELUXE,28.63,17 Nov 2020,20 Nov 2020,208.13,"2213 Morgan View Apt. 260
Jamesville, NM 91998",36569835461700
omartin@simmons.com,False,BASIC,13.52,27 Mar 2020,29 Mar 2020,144.36,"6078 Henry Passage Apt. 109
Mccartyberg, KS 32014",6594752414460290
wendysaunders@miller.com,False,BASIC,,16 Nov 2020,17 Nov 2020,123.83,"5678 Office Road
San Francisco, CA 94103",569933702650
thomas44@graham.com,False,DELUXE,,27 May 2020,29 May 2020,178.48,"1234 Corporate Drive
Boston, MA 02116",6576602748020280
dmcdaniel@owens.com,False,BASIC,7.64,17 Feb 2020,20 Feb 2020,137.72,"961 Garcia Brook Apt. 841
Lake Mackenzieside, ID 35690",3503411381423842
michael54@soto.com,False,BASIC,18.59,31 Mar 2020,04 Apr 2020,133.06,"5678 Office Road
San Francisco, CA 94103",6528592436769653
jjohnson@miller.com,False,BASIC,37.29,19 Mar 2020,22 Mar 2020,155.6,"6982 James Point
Lake Timothy, MA 16791",4003165645292
dylanrobertson@williams.com,True,BASIC,0.0,19 Dec 2020,21 Dec 2020,88.62,"1234 Corporate Drive
Boston, MA 02116",4465897140001
renee45@jennings.info,False,DELUXE,,21 Dec 2020,22 Dec 2020,424.84,"27819 Jillian Street Suite 431
West Kimbury, CO 74361",4251675636023801863
patricknancy@good.com,False,BASIC,10.39,25 Jul 2020,27 Jul 2020,105.86,"43132 Neal Port
Port Ashleyport, MO 33779",566409227600
pwaters@lewis.com,False,BASIC,16.38,27 Dec 2020,31 Dec 2020,141.55,"77 Massachusetts Ave
Cambridge, MA 02139",6011877890909802
amanda14@klein-mcconnell.net,False,BASIC,15.13,12 Jul 2020,13 Jul 2020,121.03,"0629 Elizabeth Brook
Hansonton, AZ 30055",36988276304577
castrojeffrey@clark.com,False,DELUXE,26.68,01 Jan 2021,04 Jan 2021,187.34,"7807 Jessica Plaza
New David, MI 57970",502017290318
nathanwhite@nielsen.com,False,BASIC,18.63,24 Dec 2020,27 Dec 2020,145.43,"64885 Tapia Passage Suite 661
South Williamburgh, UT 73113",3510478677464500
zliu@moran-hernandez.com,False,BASIC,25.82,30 Jun 2020,02 Jul 2020,115.16,"300 Logan Alley
West Markport, NE 43825",213166103570232
bryan94@jennings-reyes.com,True,DELUXE,0.0,09 Mar 2020,10 Mar 2020,141.94,"922 Karen Inlet
Theresachester, DE 47978",38883115614070
robert55@mueller-ramos.com,False,DELUXE,,20 Nov 2020,22 Nov 2020,181.25,"USNV Shaw
FPO AA 48544",2636340729859940
michael40@ryan.com,False,BASIC,,15 Apr 2020,16 Apr 2020,131.74,"77 Massachusetts Ave
Cambridge, MA 02139",3564844736823694
karen49@mercado.net,False,BASIC,9.87,29 Mar 2020,03 Apr 2020,288.29,"16527 Marie Overpass
South Alyssa, IL 55658",4710904336341196934
albertperez@james-simmons.com,False,BASIC,37.26,29 Mar 2020,04 Apr 2020,104.57,"77 Massachusetts Ave
Cambridge, MA 02139",4667086053372516920
valerie82@allen-parsons.biz,False,BASIC,18.67,21 Jan 2020,22 Jan 2020,119.75,"82025 Cameron Island
Mariahmouth, FL 66939",3518001769438406
jaywheeler@pratt.com,True,DELUXE,0.0,01 Jun 2020,04 Jun 2020,225.69,"27260 Amy Grove Suite 845
Bensonborough, PA 57129",4189467192702831
shelly69@casey.net,True,DELUXE,0.0,26 Aug 2020,27 Aug 2020,176.85,"1234 Corporate Drive
Boston, MA 02116",4245269298343508
cynthia01@knight.com,True,BASIC,0.0,02 Feb 2020,04 Feb 2020,93.8,"77 Massachusetts Ave
Cambridge, MA 02139",36211721763911
regina91@fleming.com,False,BASIC,17.6,02 Jan 2021,03 Jan 2021,104.85,"9525 Adkins Valleys Apt. 059
Michaelfort, UT 59519",4074459116174971
heatherbrowning@brewer-hopkins.com,False,BASIC,,10 Jun 2020,11 Jun 2020,103.38,"00536 Brittany Ways Suite 827
North Emily, NJ 05837",370602888794885
michaelwilliams@ball.com,False,BASIC,23.92,04 Aug 2020,08 Aug 2020,109.51,"10048 Thompson Ville Apt. 960
Andrewbury, MA 76648",4785111951051
bryanmack@hansen.com,False,BASIC,28.18,27 Nov 2020,28 Nov 2020,113.9,"77 Massachusetts Ave
Cambridge, MA 02139",30548109696965
smithjennifer@davis.com,False,BASIC,34.95,05 Mar 2020,06 Mar 2020,102.12,"221 Lopez Bypass Suite 004
Benjaminchester, ME 19764",4650088697745024
rebeccamoreno@ross-davenport.biz,False,BASIC,17.88,09 Aug 2020,11 Aug 2020,103.69,"1234 Corporate Drive
Boston, MA 02116",3587892115731460
sarah92@jenkins-jackson.org,False,BASIC,12.84,29 Aug 2020,31 Aug 2020,127.21,"77 Massachusetts Ave
Cambridge, MA 02139",4347482390461898184
kimberlycarrillo@taylor-johnston.com,False,BASIC,11.93,27 Mar 2020,30 Mar 2020,113.34,"5678 Office Road
San Francisco, CA 94103",5184481252880751
christina23@townsend-jenkins.com,False,BASIC,21.07,13 Mar 2020,14 Mar 2020,109.44,"10048 Thompson Ville Apt. 960
Andrewbury, MA 76648",2296676199868502
zstevens@becker.com,False,BASIC,17.78,06 Aug 2020,07 Aug 2020,113.36,"1234 Corporate Drive
Boston, MA 02116",213139140382523
xgreene@rodriguez-wood.net,True,BASIC,0.0,10 Nov 2020,12 Nov 2020,88.91,"77 Massachusetts Ave
Cambridge, MA 02139",6011754475721284
christineperry@carlson.com,False,BASIC,20.87,15 Jun 2020,,150.78,"645 Sarah Loop
Richardsburgh, WV 88541",4278092252202
sarasanchez@curry.com,False,BASIC,25.62,28 Jan 2020,31 Jan 2020,203.54,"502 Grant Spring Apt. 915
Patriciaport, VA 24312",4500509902359766
coxdiana@brewer.com,False,DELUXE,17.06,13 Sep 2020,15 Sep 2020,334.75,"5678 Office Road
San Francisco, CA 94103",676328017378
william39@cole-whitehead.biz,False,SUITE,17.25,18 May 2020,21 May 2020,290.85,"295 Armstrong Mall Apt. 768
Lake Robert, VT 59217",6011256591603404
bushandrew@freeman-fox.info,False,BASIC,24.35,05 Jun 2020,08 Jun 2020,142.4,"5678 Office Road
San Francisco, CA 94103",370173796345194
knightjose@rodgers.com,False,BASIC,48.12,20 Nov 2020,22 Nov 2020,186.76,"5722 Rachel Cape
East Taylor, NC 73091",3558131351596781
kenneth46@kim-taylor.com,False,BASIC,22.52,09 Jun 2020,12 Jun 2020,214.26,"719 Tammy Cove Suite 832
Gregoryville, WV 39515",30278005957051
oburgess@graves.info,False,BASIC,21.33,27 Aug 2020,29 Aug 2020,186.94,"48130 Dougherty Mews
Lake Brendaland, CO 39494",3546683304217167
scoleman@golden-cole.org,True,SUITE,0.0,09 Jul 2020,12 Jul 2020,267.51,"918 Andrew Club
South Elaineburgh, VA 71836",4654744543680874
vickie49@garcia.com,False,BASIC,,19 Dec 2020,22 Dec 2020,110.65,"862 Mueller Creek Apt. 492
Whiteland, WY 55940",213196157892554
juanwatson@chung.org,True,SUITE,0.0,20 Feb 2020,21 Feb 2020,204.06,"5678 Office Road
San Francisco, CA 94103",4432016585990225
zacharyobrien@bailey-jones.org,False,BASIC,18.02,10 Sep 2020,11 Sep 2020,148.29,"08424 Jared Locks
New Margaretville, NV 61123",378967236052803
cindy15@graves.com,False,BASIC,44.58,30 Sep 2020,01 Oct 2020,118.29,"7874 Joshua Hills Apt. 837
Fullerfort, HI 81547",30199212440998
anthonybond@nguyen-white.info,False,BASIC,31.04,30 Jul 2020,01 Aug 2020,119.0,"24740 Hart Port Apt. 837
Donnaton, GA 07999",4749975942425522
mariabaird@hooper.org,False,BASIC,38.82,28 Feb 2020,01 Mar 2020,108.25,"7387 Armstrong Dale
Martinhaven, LA 76404",4121896256427227
alisonblackburn@houston.info,True,SUITE,0.0,11 Jun 2020,12 Jun 2020,205.47,"41538 Kevin Court Suite 962
Port Aaronburgh, OH 90832",4591626894657
samuelbrown@smith.com,True,BASIC,0.0,27 Sep 2020,28 Sep 2020,161.63,"77 Massachusetts Ave
Cambridge, MA 02139",2278369833354665
wuanna@lee-berry.biz,False,BASIC,30.7,30 Jun 2020,03 Jul 2020,131.98,"9280 Laura Prairie Suite 706
Romerochester, MD 18961",30414181522878
ramirezelizabeth@sullivan.com,False,BASIC,21.67,20 Nov 2020,23 Nov 2020,106.92,"5678 Office Road
San Francisco, CA 94103",3537935255557566
leefrancis@rodriguez.biz,False,BASIC,14.29,31 May 2020,01 Jun 2020,129.68,"1234 Corporate Drive
Boston, MA 02116",4411263398291038
zpatterson@beltran-perez.com,False,BASIC,22.66,19 Feb 2020,22 Feb 2020,127.26,"347 Thompson Prairie Suite 657
East Michelleport, PA 68731",343625472210731
vfloyd@conrad-lee.net,False,BASIC,13.61,02 May 2020,05 May 2020,133.85,"5678 Office Road
San Francisco, CA 94103",372698791605265
ibush@perry-jordan.com,False,BASIC,13.46,22 Sep 2020,25 Sep 2020,287.4,"6409 Navarro Mountain Apt. 363
North Davidbury, NV 71685",345194634715234
johnkoch@burke.biz,False,BASIC,19.46,14 Jan 2020,15 Jan 2020,119.4,"74861 Teresa Passage
Port Judith, NC 60578",4480929158863
blakemichael@elliott.info,False,BASIC,33.15,11 Oct 2020,14 Oct 2020,105.59,"77 Massachusetts Ave
Cambridge, MA 02139",4257690684249055
robertoortega@lamb-hall.com,False,BASIC,23.51,02 Sep 2020,04 Sep 2020,120.83,"5678 Office Road
San Francisco, CA 94103",676297351519
howellmaria@williams-fletcher.org,False,DELUXE,36.27,12 Jun 2020,14 Jun 2020,185.52,"5678 Office Road
San Francisco, CA 94103",213102468590853
longbianca@fletcher.com,False,BASIC,21.22,21 Jul 2020,22 Jul 2020,134.76,"1234 Corporate Drive
Boston, MA 02116",4680185259803409923
hammonddonna@austin-stewart.com,False,BASIC,,24 Apr 2020,27 Apr 2020,124.79,"20184 Johnston Stravenue
Williamberg, WA 79350",180019235123355
samanthacraig@stuart.com,False,BASIC,,15 Nov 2020,16 Nov 2020,128.4,"5678 Office Road
San Francisco, CA 94103",4501453483101314
christopherlane@knight.com,False,BASIC,11.28,06 Jul 2020,07 Jul 2020,111.39,"65278 Jessica Park Apt. 006
Chaveztown, ME 95080",4021904113272082
robertomorris@long.com,True,SUITE,0.0,07 Dec 2020,10 Dec 2020,230.38,"77 Massachusetts Ave
Cambridge, MA 02139",561674411369
lisageorge@sherman.com,True,DELUXE,0.0,06 Nov 2020,09 Nov 2020,152.06,"5678 Office Road
San Francisco, CA 94103",6567697554048087
shannonwilliams@wilson-kennedy.com,False,BASIC,36.19,11 Nov 2020,14 Nov 2020,133.69,"Unit 5157 Box 0618
DPO AA 28688",30538794273535
nicole04@brewer.info,False,BASIC,25.13,19 Apr 2020,22 Apr 2020,114.86,"25564 Foster Mountains
Aliciatown, NJ 85758",4503955668743
bbrown@newton.com,False,BASIC,,16 Nov 2020,17 Nov 2020,106.56,"114 Hansen Gateway Apt. 540
New Angela, VT 46975",577278307001
brandondodson@washington-melendez.com,False,BASIC,1.34,31 Jan 2020,03 Feb 2020,133.07,"5678 Office Road
San Francisco, CA 94103",345725782065177
watsonlaura@mosley.biz,False,BASIC,22.83,19 Apr 2020,24 Apr 2020,109.91,"77 Massachusetts Ave
Cambridge, MA 02139",501828617636
kathystuart@smith.com,False,BASIC,19.53,23 Dec 2020,24 Dec 2020,185.1,"49487 Castillo Summit Apt. 010
Charlesshire, NY 30110",572922559412
colleenharvey@barnett.com,False,BASIC,26.17,08 Apr 2020,09 Apr 2020,131.28,"1234 Corporate Drive
Boston, MA 02116",6011247658549580
obrienbrenda@gentry.biz,False,BASIC,11.62,25 Feb 2020,27 Feb 2020,132.06,"5678 Office Road
San Francisco, CA 94103",3554356011481199
shannon70@stewart-brown.org,False,BASIC,17.92,30 Aug 2020,31 Aug 2020,122.23,"4274 Haynes Alley Apt. 017
North Sharon, AZ 71154",501800374396
dustin75@pierce.com,False,BASIC,19.85,18 Jun 2020,21 Jun 2020,118.93,"5678 Office Road
San Francisco, CA 94103",30167012906153
dterry@steele-guerrero.com,False,BASIC,22.88,29 Jun 2020,30 Jun 2020,101.85,"20185 Devin Junction Suite 985
New Damonshire, PA 92492",30032234828710
nthomas@robles-davis.com,True,DELUXE,0.0,31 Dec 2020,01 Jan 2021,208.18,"46181 Aguilar Passage Suite 916
Lake Phillip, NC 25168",4020522638259623
taylormary@howard.biz,False,SUITE,32.64,13 Jul 2020,18 Jul 2020,258.9,"00536 Brittany Ways Suite 827
North Emily, NJ 05837",4099662733177
parkernicole@glover-steele.com,False,BASIC,38.97,24 Aug 2020,27 Aug 2020,152.26,"440 Caitlin Circles
Tinatown, WI 85333",2594188935837030
gerald03@bridges-vaughn.net,False,BASIC,7.94,06 Jul 2020,07 Jul 2020,110.61,"6035 Guzman Knolls
Cooketon, KS 79826",3532661818556094
leah69@garner.com,False,BASIC,,10 Jul 2020,11 Jul 2020,117.41,"5678 Office Road
San Francisco, CA 94103",503808645017
williamsnatalie@briggs-green.com,True,SUITE,0.0,04 Dec 2020,06 Dec 2020,216.05,"77 Massachusetts Ave
Cambridge, MA 02139",4911973576261
malikromero@wolfe.org,False,BASIC,3.61,28 Sep 2020,30 Sep 2020,107.11,"7150 Jose Neck
West Bobby, NH 57804",676338144741
ericawade@spencer.com,False,DELUXE,23.63,23 May 2020,26 May 2020,191.92,"5678 Office Road
San Francisco, CA 94103",639080576775
chelsea98@compton.biz,False,BASIC,8.41,17 Sep 2020,20 Sep 2020,132.34,"77 Massachusetts Ave
Cambridge, MA 02139",3506479827172221
sarah16@hall.info,False,BASIC,9.7,05 Aug 2020,06 Aug 2020,113.27,"77 Massachusetts Ave
Cambridge, MA 02139",3576967276323126
jorgeboyle@campos.com,False,BASIC,9.7,28 Aug 2020,29 Aug 2020,105.67,"993 Rebecca Landing
Jesseburgh, PA 05072",180053221577027
michael92@keller.com,False,BASIC,11.5,26 May 2020,27 May 2020,111.32,"1234 Corporate Drive
Boston, MA 02116",213108503601662
meganli@mitchell-vazquez.org,False,DELUXE,5.06,21 Nov 2020,25 Nov 2020,200.79,"5678 Office Road
San Francisco, CA 94103",4560118846434
boyerkyle@mcbride.com,True,BASIC,0.0,05 May 2020,06 May 2020,143.26,"633 Kelly Forges
Lake Matthew, TN 86821",2717827888706732
ashley21@gonzales.info,False,BASIC,13.43,19 Apr 2020,20 Apr 2020,146.34,"Unit 9902 Box 5493
DPO AA 83293",213157571023598
michael60@payne.net,False,BASIC,36.19,20 Apr 2020,22 Apr 2020,126.77,"1234 Corporate Drive
Boston, MA 02116",4332400220206103627
griffinwilliam@leblanc.com,False,BASIC,11.44,08 Jul 2020,10 Jul 2020,107.42,"5678 Office Road
San Francisco, CA 94103",3581926549217864
cbutler@sanchez.org,False,BASIC,19.6,23 Aug 2020,,149.74,"75053 Stephanie Mall Suite 825
Shieldsbury, GA 52155",4196605965317078
cblankenship@pierce.com,True,SUITE,0.0,27 Dec 2020,30 Dec 2020,220.58,"77 Massachusetts Ave
Cambridge, MA 02139",3500396077789726
schultzcheryl@terrell-jones.com,False,BASIC,22.88,27 Dec 2020,31 Dec 2020,115.8,"878 Carolyn Dale
Johnhaven, DC 08878",213156329035334
thomas93@miller.com,False,DELUXE,2.05,28 Oct 2020,29 Oct 2020,224.9,"945 Jamie Viaduct Apt. 964
Lake Brendaport, ME 27207",3591021343041633
lisa42@wells.com,False,BASIC,40.2,17 Dec 2020,19 Dec 2020,137.26,"73798 Benjamin Parkways
West Jocelynland, NV 56005",4493828665797237867
mnash@jackson-miller.info,False,BASIC,23.26,30 Apr 2020,02 May 2020,133.1,"61530 Robert Point
Port Heather, NV 08530",3592708389765138
noahlee@smith.com,False,BASIC,6.76,31 Jan 2020,03 Feb 2020,106.35,"27819 Jillian Street Suite 431
West Kimbury, CO 74361",213176645288169
wardsarah@lewis.com,False,BASIC,33.41,27 Jun 2020,01 Jul 2020,110.91,"9104 Weiss Brooks Apt. 714
Port Angelamouth, ME 37951",30116072166174
srobinson@rowe.net,False,BASIC,12.27,13 Feb 2020,16 Feb 2020,103.66,"49000 Johnson Cliffs Apt. 103
Jeremiahmouth, VA 47676",4177356059909
shanemunoz@martin.com,False,BASIC,1.49,03 Sep 2020,09 Sep 2020,124.4,"1234 Corporate Drive
Boston, MA 02116",4407779383505781
jameswalker@cortez-rhodes.info,False,BASIC,24.68,02 Aug 2020,07 Aug 2020,120.66,"67672 Wagner Lane
Ramoshaven, MI 94449",630411399672
pfitzgerald@young.com,False,DELUXE,23.57,18 Sep 2020,21 Sep 2020,226.04,"5678 Office Road
San Francisco, CA 94103",371395982348356
qpowers@castro-wood.com,False,BASIC,17.68,05 May 2020,08 May 2020,124.83,"38480 Erin Knolls
Deleonland, NV 46652",2240428222846619
brandon12@baxter.org,False,DELUXE,15.35,12 Sep 2020,15 Sep 2020,188.9,"84282 Ward Branch Apt. 401
East Cynthia, IA 61842",2662082222760400
matthewsmith@zimmerman.org,False,DELUXE,,14 Jun 2020,15 Jun 2020,340.92,"77 Massachusetts Ave
Cambridge, MA 02139",213148951973254
anthony26@mosley.com,False,DELUXE,25.52,11 Nov 2020,12 Nov 2020,182.17,"5759 Davis Crossroad
Amandaland, AK 45933",503872163566
leetiffany@mack.biz,False,DELUXE,10.91,06 Dec 2020,09 Dec 2020,180.28,"1344 Elizabeth Spurs
East Gordon, HI 25949",376762481616549
ann70@jones.com,False,BASIC,18.94,28 Aug 2020,29 Aug 2020,110.91,"712 William Spurs
Barbaraburgh, WV 29162",379874209255984
sarah48@gonzalez.org,False,BASIC,23.48,05 Mar 2020,07 Mar 2020,133.94,"77 Massachusetts Ave
Cambridge, MA 02139",4769605776491408
tcannon@smith.com,False,BASIC,21.27,12 Oct 2020,14 Oct 2020,114.16,"1234 Corporate Drive
Boston, MA 02116",6011769910661887
chambersaaron@stanley-potts.org,False,DELUXE,10.04,28 Jun 2020,01 Jul 2020,187.93,"091 Matthew Valley Apt. 219
Austinburgh, NY 08530",6517761529920951
zdecker@gomez.net,True,SUITE,0.0,28 Dec 2020,29 Dec 2020,206.55,"77 Massachusetts Ave
Cambridge, MA 02139",4275822151146450
shafferjamie@blake.info,False,BASIC,23.44,01 Apr 2020,03 Apr 2020,187.61,"750 Timothy Islands Suite 561
South Travisfort, MN 59519",2234198582157943
morrispaul@banks.info,False,BASIC,,06 Oct 2020,09 Oct 2020,110.77,"93978 Megan Valley Apt. 005
Robertsonfort, NY 51831",180045180088848
loriwoods@barnes.com,True,SUITE,0.0,12 Apr 2020,14 Apr 2020,206.82,"674 Jasmine Street
Trevorport, ID 53983",4015179235277275609
keithkim@cooke.com,False,DELUXE,29.4,21 Sep 2020,24 Sep 2020,192.77,"1234 Corporate Drive
Boston, MA 02116",370010845439463
angelawalker@bray.biz,False,BASIC,21.27,20 Feb 2020,21 Feb 2020,108.96,"USNS Rodriguez
FPO AP 12664",4835290788128981
hoopercameron@fleming.net,False,BASIC,22.35,13 Oct 2020,15 Oct 2020,115.92,"1234 Corporate Drive
Boston, MA 02116",30067547072424
dicksonjames@george-hughes.com,False,DELUXE,15.24,15 Mar 2020,16 Mar 2020,251.34,"5678 Office Road
San Francisco, CA 94103",30004477764993
ygeorge@glover-adams.info,False,BASIC,22.97,09 Oct 2020,10 Oct 2020,112.85,"5678 Office Road
San Francisco, CA 94103",4241689204929
jamesnguyen@martinez.com,False,BASIC,11.3,12 Oct 2020,15 Oct 2020,119.11,"882 Mason Trace
Chelseyside, MO 34260",562458657383
hernandezbrian@hill.org,False,BASIC,17.6,16 Sep 2020,18 Sep 2020,113.89,"0215 Chase Roads Suite 951
Port Joshua, MS 80335",379269835286141
brookssarah@thomas.com,False,BASIC,24.96,27 Nov 2020,29 Nov 2020,116.58,"1854 Davis Pine Apt. 637
Port Alison, NE 08642",30004615939812
rchambers@ritter.org,False,DELUXE,,07 Dec 2020,10 Dec 2020,220.59,"300 Logan Alley
West Markport, NE 43825",572993473212
aarondiaz@williams.com,False,BASIC,34.2,20 Apr 2020,21 Apr 2020,134.18,"41538 Kevin Court Suite 962
Port Aaronburgh, OH 90832",4493958517164
elainetaylor@hawkins.com,False,BASIC,16.8,08 Sep 2020,,114.27,"1234 Corporate Drive
Boston, MA 02116",3539390208908664
elizabethedwards@edwards.net,False,BASIC,34.92,03 Aug 2020,04 Aug 2020,107.92,"9280 Laura Prairie Suite 706
Romerochester, MD 18961",6576864934777079
ortegaalexander@powell.org,False,BASIC,6.02,05 May 2020,07 May 2020,117.56,"5722 Rachel Cape
East Taylor, NC 73091",6590793265514458
tinamanning@boyd.com,False,BASIC,22.31,02 Jan 2021,,146.18,"9257 Daniel Street
Tiffanyville, MI 04016",6011518346776540
jeremy21@brown.com,False,BASIC,31.93,26 May 2020,27 May 2020,119.74,"30650 Robert Garden Suite 022
New Antonio, TX 88663",3586146493188103
hillmichael@robertson.info,False,BASIC,10.02,25 Mar 2020,27 Mar 2020,117.68,"5678 Office Road
San Francisco, CA 94103",2233643882974274
tarabooth@herman-russell.com,True,SUITE,0.0,01 Nov 2020,03 Nov 2020,203.29,"5678 Office Road
San Francisco, CA 94103",6501561598533208
jack98@riley-roberson.biz,False,BASIC,22.54,20 May 2020,24 May 2020,154.27,"853 Alexandra Center Apt. 179
East Christineville, TX 71641",180006078094389
gibsonstacy@armstrong-jensen.com,False,BASIC,7.14,05 Dec 2020,07 Dec 2020,104.52,"4011 Butler Drive
Sharonview, MN 53592",3575200910552640
colin60@rivas-foster.com,False,DELUXE,8.56,23 Jun 2020,24 Jun 2020,180.57,"958 Beverly Bypass
South Ronald, GA 46368",4312430596956635
elizabethtran@ford-mitchell.biz,False,BASIC,,26 Nov 2020,29 Nov 2020,113.79,"299 Tracie Prairie Apt. 867
Millerfurt, TX 20285",373450228471518
lauradavis@martinez.com,False,BASIC,15.08,17 Mar 2020,19 Mar 2020,120.79,"94862 Jeffrey Estates Apt. 852
Williamsside, AL 41091",3559291347503108
aprilhorton@thomas.com,False,BASIC,15.7,03 Dec 2020,,121.01,"USS Green
FPO AA 34533",6011242680837301
kayleepotts@huff-crawford.com,False,BASIC,45.5,25 Oct 2020,27 Oct 2020,109.36,"721 Diane Manor
Russellborough, UT 64205",4925086696493230789
harrischristina@carrillo.com,False,BASIC,,23 Aug 2020,25 Aug 2020,114.69,"1854 Davis Pine Apt. 637
Port Alison, NE 08642",4457569053604
cathynelson@robles-williams.com,False,BASIC,27.91,18 Apr 2020,20 Apr 2020,110.95,"1234 Corporate Drive
Boston, MA 02116",675938652384
randy19@rodriguez.info,True,SUITE,0.0,01 Dec 2020,02 Dec 2020,203.29,"2842 Joseph Causeway
Martinshire, NJ 43419",4840115188603536
smithdesiree@watson.biz,False,BASIC,20.6,15 May 2020,17 May 2020,115.56,"361 Compton Harbor
Yvetteland, KS 17306",180098516526049
carsonnathan@singleton.com,False,BASIC,24.99,27 Mar 2020,29 Mar 2020,110.04,"9525 Adkins Valleys Apt. 059
Michaelfort, UT 59519",30188694178010
jennifermoore@butler-barnett.biz,False,BASIC,,15 Sep 2020,17 Sep 2020,130.54,"77 Massachusetts Ave
Cambridge, MA 02139",4090548868826299
hollandkeith@smith.com,True,BASIC,0.0,25 Nov 2020,27 Nov 2020,97.37,"77 Massachusetts Ave
Cambridge, MA 02139",3501156498839321
wanda84@ramos-ferguson.net,False,DELUXE,26.65,25 Oct 2020,27 Oct 2020,227.66,"3654 Michelle Neck
Ryanport, IA 84925",675997011340
scook@allen.com,False,BASIC,22.96,29 Sep 2020,01 Oct 2020,140.29,"224 Janice Crest
Woodstown, PA 14467",30485888597066
sean64@woods.org,False,BASIC,11.31,08 Dec 2020,11 Dec 2020,149.37,"546 Shannon Loaf Apt. 128
Tarabury, MS 01812",4461790707723
tabithacarter@barnes.org,False,BASIC,,29 Nov 2020,01 Dec 2020,167.25,"73798 Benjamin Parkways
West Jocelynland, NV 56005",344627808332501
sharon41@cook-hartman.com,False,BASIC,30.02,30 Apr 2020,02 May 2020,140.18,"55826 Miller Place Apt. 914
North Rachelview, MD 21209",4629893135808
garciascott@hill.com,False,BASIC,11.63,06 Aug 2020,08 Aug 2020,117.01,"0323 Lisa Station Apt. 208
Port Thomas, LA 82585",4053566065621425119
catherine16@allen.com,False,BASIC,31.13,13 Apr 2020,17 Apr 2020,177.72,"0156 Russell Trail Apt. 291
Port Scottchester, IA 23231",349203018151357
sarah21@anderson.com,False,BASIC,26.04,26 Jan 2020,27 Jan 2020,107.94,"3274 Olson Spurs Suite 173
New Stevenstad, RI 09284",4235847312059101
castromelissa@scott-flores.com,False,BASIC,19.93,21 May 2020,22 May 2020,119.39,"0784 Todd Manors
Jonesmouth, WY 42593",4150943237171848754
grantronald@durham.org,False,BASIC,15.82,06 Jun 2020,08 Jun 2020,147.45,"67672 Wagner Lane
Ramoshaven, MI 94449",3518707239257156
evan54@peterson.com,False,BASIC,9.56,24 Jun 2020,27 Jun 2020,115.07,"961 Garcia Brook Apt. 841
Lake Mackenzieside, ID 35690",4595200078272209
michaela90@leonard-baker.com,False,BASIC,10.53,12 Dec 2020,14 Dec 2020,141.06,"653 Brianna Mill
Burtonview, TX 66595",180002507303418
michele69@hughes.com,False,BASIC,14.86,05 Jan 2020,07 Jan 2020,108.99,"941 Samantha Port
North Ashley, DC 89806",2235318115282997
qfigueroa@allen.net,False,BASIC,2.9,16 Nov 2020,17 Nov 2020,111.7,"853 Alexandra Center Apt. 179
East Christineville, TX 71641",581095269881
yvonnehanna@jones-reed.net,False,BASIC,18.62,20 Feb 2020,22 Feb 2020,134.68,"85723 Gross Fields
East Elizabeth, OK 05536",3500104756346317
chad71@wilson.org,False,DELUXE,40.25,10 Nov 2020,12 Nov 2020,215.93,"3020 Russell Spurs
West Ericmouth, OK 15209",6011859968028590
alexander84@stewart.com,False,SUITE,,10 Dec 2020,14 Dec 2020,316.5,"1234 Corporate Drive
Boston, MA 02116",347319369407305
tara01@hayes.com,False,BASIC,15.31,11 Nov 2020,13 Nov 2020,118.73,"77 Massachusetts Ave
Cambridge, MA 02139",4161850979433576289
phale@barrett-jones.com,False,BASIC,28.25,17 Jan 2020,18 Jan 2020,127.06,"299 Tracie Prairie Apt. 867
Millerfurt, TX 20285",4571686251590870
woodjulie@barrett-wright.org,False,BASIC,9.35,17 Jan 2020,,137.57,"862 Mueller Creek Apt. 492
Whiteland, WY 55940",4579317592466735
todd23@payne-dean.com,False,BASIC,21.34,03 Jan 2021,05 Jan 2021,132.05,"74489 Simmons Trail
Valdezstad, GA 17568",4628655862037822
david95@torres.com,False,BASIC,11.28,27 Jul 2020,30 Jul 2020,105.46,"45274 Andrew Bridge
New Elizabethton, FL 05037",4055523501411182
lori70@jackson.com,False,BASIC,25.82,25 Feb 2020,,111.36,"49487 Castillo Summit Apt. 010
Charlesshire, NY 30110",4181390394522039
williammcdaniel@martinez-bennett.com,False,BASIC,16.31,09 Dec 2020,12 Dec 2020,185.03,"916 Odom Center
New Sarahburgh, KY 61158",4873069652530693
jamesnelson@carrillo.com,False,DELUXE,8.48,27 Sep 2020,28 Sep 2020,180.79,"65278 Jessica Park Apt. 006
Chaveztown, ME 95080",3573877538198229
sullivanjoshua@dorsey-obrien.com,False,BASIC,,27 Sep 2020,29 Sep 2020,137.67,"PSC 3710, Box 0259
APO AA 17597",4214783741962784604
hortiz@acevedo-ramos.com,False,SUITE,24.42,12 Jun 2020,16 Jun 2020,263.12,"28037 Janice Causeway
Pierceshire, MO 81176",4703808880470479
katherinegarcia@ford.net,False,SUITE,33.03,01 Feb 2020,02 Feb 2020,304.77,"5678 Office Road
San Francisco, CA 94103",4747411484619647
elizabeth25@cortez-cummings.com,False,DELUXE,9.77,24 Jan 2020,25 Jan 2020,184.22,"29097 Baxter Cliff
Michaelport, MT 21263",38668576838254
alexanderlaura@hutchinson.com,False,BASIC,,28 Nov 2020,01 Dec 2020,121.09,"193 Sanchez Camp Apt. 031
North Christopher, ME 09207",675952490125
barbara31@frazier.com,False,BASIC,13.41,14 Feb 2020,16 Feb 2020,102.65,"77 Massachusetts Ave
Cambridge, MA 02139",4977300248807401
michael86@olson.com,False,DELUXE,22.44,07 Jan 2021,08 Jan 2021,194.26,"5678 Office Road
San Francisco, CA 94103",502003307829
brownerik@davis.com,False,SUITE,36.69,24 Aug 2020,26 Aug 2020,308.82,"41459 Sarah Ranch
Floresview, ND 01693",565467068724
aaron27@rowland-miller.net,False,DELUXE,11.61,23 Oct 2020,25 Oct 2020,179.48,"480 David Greens Apt. 032
Dominicbury, OH 38657",6577854021885546
sandrajohnson@robinson.com,False,BASIC,17.31,31 Dec 2020,02 Jan 2021,165.74,"348 Tara Ways Apt. 872
Brownton, NY 98063",2719207979305587
johnrivera@gomez.biz,False,BASIC,13.23,26 Aug 2020,28 Aug 2020,109.82,"77 Massachusetts Ave
Cambridge, MA 02139",4584621724557
olsenjennifer@krueger-brewer.com,False,BASIC,20.41,26 Sep 2020,,119.08,"PSC 0368, Box 3335
APO AE 77156",3566923088234268
rodriguezcatherine@torres.com,False,BASIC,18.32,29 Feb 2020,,101.25,"54807 Christopher Valley Apt. 464
Lake Chris, NJ 42540",4727176836057358
david80@rodgers.biz,False,BASIC,12.09,03 Aug 2020,06 Aug 2020,159.06,"2657 Shawn Islands Apt. 889
Peterfurt, DE 17403",30056245905506
danielspears@kim-murray.com,False,DELUXE,11.07,21 Sep 2020,22 Sep 2020,183.37,"5678 Office Road
San Francisco, CA 94103",6011610934430810
samuel60@mcdowell.info,False,DELUXE,22.56,18 Dec 2020,19 Dec 2020,186.73,"97222 Austin Corner
New Kelly, NE 55622",501834820612
robert97@francis-monroe.com,False,BASIC,21.91,17 Jan 2020,20 Jan 2020,105.59,"0215 Chase Roads Suite 951
Port Joshua, MS 80335",30297798765505
xhamilton@leblanc-orr.com,False,BASIC,19.75,31 Dec 2020,01 Jan 2021,107.44,"1234 Corporate Drive
Boston, MA 02116",4066323249832279
flowersjeremy@rodriguez.net,False,BASIC,27.01,22 May 2020,25 May 2020,163.02,"6681 Fisher Harbor Suite 825
South Rebecca, WY 76598",4519483367471899389
ngomez@berry.net,True,BASIC,0.0,16 Feb 2020,17 Feb 2020,92.07,"5678 Office Road
San Francisco, CA 94103",38110475091826
thomasbaker@baker.info,False,BASIC,27.46,23 Apr 2020,28 Apr 2020,149.16,"7783 Kathryn Burg Apt. 875
Callahanmouth, CO 35932",4485039015853
mary30@newman.com,True,DELUXE,0.0,05 Mar 2020,06 Mar 2020,156.84,"12857 Love Estate
Miguelmouth, TX 40816",4928180148031
ngonzales@hebert.com,False,BASIC,14.44,18 Jan 2020,19 Jan 2020,128.39,"878 Carolyn Dale
Johnhaven, DC 08878",30185014249034
dscott@anderson-hatfield.info,False,DELUXE,37.87,08 Mar 2020,10 Mar 2020,187.11,"454 Jennifer Port
New Sandra, NY 05178",4315063507700022458
victoriaortiz@williams.com,False,BASIC,16.65,09 Apr 2020,11 Apr 2020,130.79,"600 Black Rapid
Lunamouth, RI 42710",3553661959470232
tharris@smith.biz,False,BASIC,13.39,10 Sep 2020,12 Sep 2020,367.35,"77 Massachusetts Ave
Cambridge, MA 02139",180084996885717
baxtertami@flores-allison.com,False,BASIC,9.24,24 Apr 2020,25 Apr 2020,138.59,"77 Massachusetts Ave
Cambridge, MA 02139",2221829027386359
cassandramiller@sheppard.com,False,BASIC,29.67,01 Feb 2020,02 Feb 2020,133.31,"750 Timothy Islands Suite 561
South Travisfort, MN 59519",639010372402
doylebeth@terrell.com,False,DELUXE,,01 Jun 2020,04 Jun 2020,187.48,"12287 Samuel Manors
West Christopher, NC 97267",2230680240286432
charles01@sullivan-jackson.org,False,BASIC,9.04,29 Jan 2020,30 Jan 2020,155.2,"5678 Office Road
San Francisco, CA 94103",30455691812903
shawnmarshall@jefferson.net,False,BASIC,33.72,09 Jul 2020,13 Jul 2020,178.19,"8320 Lydia Shores Suite 406
Lake Arthur, SC 20602",213110754147841
tonya44@miller.com,False,BASIC,17.61,18 Sep 2020,19 Sep 2020,103.66,"USNV Munoz
FPO AE 38603",4561422003901286
tonyabaker@cook.com,False,BASIC,8.89,16 May 2020,17 May 2020,105.05,"1234 Corporate Drive
Boston, MA 02116",4440057263489
jjensen@ellison.com,False,DELUXE,25.34,31 Jan 2020,02 Feb 2020,339.31,"791 Tony Knolls
Lake Saraburgh, KY 85096",2265367536659583
leekristen@medina.org,False,DELUXE,24.17,29 Jan 2020,31 Jan 2020,205.75,"87614 Cindy Burgs
Jenniferhaven, NV 07708",4184185041822159371
robin78@turner.info,False,BASIC,16.42,26 Jul 2020,30 Jul 2020,122.86,"33825 Moreno Motorway Apt. 198
Lake Daniel, NM 92683",5251634096288270
schroederanthony@brooks-chavez.com,False,SUITE,17.66,14 Jan 2020,16 Jan 2020,285.27,"221 Lopez Bypass Suite 004
Benjaminchester, ME 19764",676184568704
millervalerie@brown.biz,False,BASIC,34.77,14 Apr 2020,,160.15,"703 Edwards Orchard Apt. 348
North William, AL 38402",4259706469440053
michealward@gonzalez.com,False,BASIC,15.28,28 Apr 2020,30 Apr 2020,144.74,"USNV Shaw
FPO AA 48544",30276058252958
vturner@sullivan.com,False,BASIC,7.76,16 May 2020,18 May 2020,116.07,"84310 Sean Burg Suite 336
Johnsonberg, KY 97989",3510147665892184
cwilliams@snow-hill.biz,False,BASIC,18.3,05 Jan 2021,07 Jan 2021,258.17,"747 Levy Inlet
Carlosshire, WY 29435",379887167215550
amcintosh@nicholson.com,False,SUITE,21.99,03 Mar 2020,05 Mar 2020,270.34,"5678 Office Road
San Francisco, CA 94103",30147082965495
johncooper@haynes.com,False,BASIC,11.7,08 Jan 2020,09 Jan 2020,108.37,"23146 Ramirez Cliffs Apt. 766
West Bobbyview, TX 19066",3537575130326165
john35@marshall.org,False,BASIC,30.13,14 Mar 2020,17 Mar 2020,111.51,"PSC 3626, Box 0936
APO AE 63573",347975898042614
ischultz@olsen.info,False,BASIC,2.54,23 Aug 2020,25 Aug 2020,117.6,"85723 Gross Fields
East Elizabeth, OK 05536",180075671891814
kathleenhunter@sanchez.net,False,BASIC,,14 Apr 2020,18 Apr 2020,113.75,"9257 Daniel Street
Tiffanyville, MI 04016",4842842841551260763
howardlinda@russell.com,False,DELUXE,21.27,08 Sep 2020,10 Sep 2020,191.65,"9525 Adkins Valleys Apt. 059
Michaelfort, UT 59519",4081137840079447463
bradley48@jones-saunders.net,False,BASIC,41.94,22 Jul 2020,26 Jul 2020,127.54,"634 Jeffrey Ramp
East Marcus, WV 75656",2720357472094597
alexandriaholloway@hart.com,False,BASIC,,20 Jan 2020,21 Jan 2020,100.75,"533 Harper Lodge
Acostaview, ME 55698",4724270494254200
lcrane@montgomery.com,False,BASIC,26.83,19 May 2020,21 May 2020,109.22,"299 Tracie Prairie Apt. 867
Millerfurt, TX 20285",372726724587928
ericgilbert@anderson.org,False,BASIC,29.38,05 Aug 2020,06 Aug 2020,151.95,"193 Sanchez Camp Apt. 031
North Christopher, ME 09207",4174575706864906017
dward@ingram.net,False,BASIC,,14 Sep 2020,16 Sep 2020,135.27,"PSC 7652, Box 4518
APO AA 69402",30217715835967
tyler61@wu.com,False,BASIC,24.15,19 Nov 2020,22 Nov 2020,110.17,"1234 Corporate Drive
Boston, MA 02116",4198648374170975
charlesmendoza@montgomery.org,False,BASIC,35.98,14 Nov 2020,16 Nov 2020,110.76,"64885 Tapia Passage Suite 661
South Williamburgh, UT 73113",3593721093075677
elliottbrett@young.com,False,BASIC,14.77,29 Jun 2020,30 Jun 2020,162.83,"77 Massachusetts Ave
Cambridge, MA 02139",4421164927406287
elizabethvaldez@torres.org,False,BASIC,19.36,15 Sep 2020,17 Sep 2020,115.68,"77 Massachusetts Ave
Cambridge, MA 02139",4626586438747
asmith@jenkins.com,False,BASIC,24.86,23 Jan 2020,26 Jan 2020,111.82,"1234 Corporate Drive
Boston, MA 02116",3564248037805113
richard47@johnson-ramirez.com,False,BASIC,22.58,13 Oct 2020,18 Oct 2020,228.47,"795 Bryan Park Suite 163
Millerbury, NH 78621",4615502422067487827
kyle08@hodges.org,False,BASIC,9.49,18 Aug 2020,20 Aug 2020,113.88,"6681 Fisher Harbor Suite 825
South Rebecca, WY 76598",6563148151770347
thess@evans.com,True,SUITE,0.0,10 Mar 2020,12 Mar 2020,239.82,"712 William Spurs
Barbaraburgh, WV 29162",213196743101841
ryoung@miller.com,False,BASIC,4.39,30 May 2020,01 Jun 2020,119.19,"103 Marie Street
East Jonathan, OH 98726",4497947983085279724
jasonrobinson@stanton-acevedo.com,False,BASIC,,04 May 2020,07 May 2020,121.13,"48130 Dougherty Mews
Lake Brendaland, CO 39494",3593608407914511
danielreid@perry.biz,False,BASIC,26.63,08 Nov 2020,11 Nov 2020,107.79,"7387 Armstrong Dale
Martinhaven, LA 76404",2251230344185348
jsantos@greene.com,False,BASIC,11.1,30 Sep 2020,01 Oct 2020,108.78,"9525 Adkins Valleys Apt. 059
Michaelfort, UT 59519",3549137323451742
adavis@lee.com,False,BASIC,,21 Sep 2020,23 Sep 2020,170.67,"5678 Office Road
San Francisco, CA 94103",4058701746490065
eric05@hansen.org,False,BASIC,10.8,26 Feb 2020,29 Feb 2020,106.43,"1234 Corporate Drive
Boston, MA 02116",374155620568261
matthew34@bennett.net,False,BASIC,,05 Mar 2020,06 Mar 2020,126.51,"103 Marie Street
East Jonathan, OH 98726",4018809671819
eporter@cruz.net,False,BASIC,21.42,21 Jul 2020,22 Jul 2020,106.08,"756 Lindsey Crossing
West Benjamin, IL 23712",4620960058916
darrellswanson@ross-wilson.net,True,DELUXE,0.0,12 Dec 2020,15 Dec 2020,155.79,"16527 Marie Overpass
South Alyssa, IL 55658",3566632028027084
rdougherty@white.com,False,BASIC,20.64,22 Jan 2020,28 Jan 2020,119.35,"716 Carter Prairie Apt. 949
West Robertborough, ID 21883",2720777486238254
cvasquez@gutierrez-smith.net,False,BASIC,23.91,04 Aug 2020,05 Aug 2020,103.94,"7150 Jose Neck
West Bobby, NH 57804",343360821982794
christine53@carson.org,False,DELUXE,32.46,13 Mar 2020,16 Mar 2020,237.48,"690 Long Point Apt. 093
Hamiltonburgh, NE 23284",3546789694358139
robertsmith@allen-coffey.biz,False,BASIC,6.98,26 Jan 2020,28 Jan 2020,116.71,"034 Tran Oval
Howardshire, VT 40933",375169334306693
sean52@walters-walton.com,True,DELUXE,0.0,08 Mar 2020,10 Mar 2020,207.68,"87614 Cindy Burgs
Jenniferhaven, NV 07708",6011674167570718
kayla14@ford.net,False,BASIC,,20 Jan 2020,22 Jan 2020,107.89,"USS Green
FPO AA 34533",4370581975900084057
huangsteven@schmidt.com,False,BASIC,,30 Dec 2020,01 Jan 2021,149.99,"6035 Guzman Knolls
Cooketon, KS 79826",30383103051896
jennifer85@sanders-ramos.info,False,DELUXE,27.47,28 Feb 2020,02 Mar 2020,382.32,"690 Long Point Apt. 093
Hamiltonburgh, NE 23284",6011212085648728
allen79@owens.com,False,DELUXE,30.07,04 Apr 2020,05 Apr 2020,199.94,"77 Massachusetts Ave
Cambridge, MA 02139",30451615112652
nicholas72@merritt.org,False,DELUXE,23.81,21 Aug 2020,23 Aug 2020,185.52,"404 James Rue
Gambletown, ND 71648",4849071695635572602
williamsbarbara@simmons-adams.biz,False,SUITE,34.06,02 Jan 2021,05 Jan 2021,282.42,"546 Shannon Loaf Apt. 128
Tarabury, MS 01812",340783174089193
benjaminjohnson@martinez.org,False,BASIC,22.25,22 Aug 2020,,123.12,"003 Schultz Extension
Williamport, IA 16397",3523335206865695
andrewarcher@turner.com,False,BASIC,20.57,02 Oct 2020,03 Oct 2020,116.28,"77 Massachusetts Ave
Cambridge, MA 02139",180086029993269
tthornton@chang-carlson.info,False,DELUXE,11.01,05 Nov 2020,07 Nov 2020,192.81,"64885 Tapia Passage Suite 661
South Williamburgh, UT 73113",4877105963870018
elizabethjenkins@watts-cummings.com,False,BASIC,26.54,15 Sep 2020,,111.26,"74489 Simmons Trail
Valdezstad, GA 17568",6011088559299465
mlee@roman.info,False,BASIC,20.18,12 Oct 2020,14 Oct 2020,130.69,"4940 Carpenter Harbor Apt. 333
Fletcherbury, OH 70388",4088566335879927256
allisonhowe@mcdonald-roberts.com,False,BASIC,14.98,01 Apr 2020,03 Apr 2020,113.64,"56473 Mason Fields
East Vanessa, DC 92204",6011664150631502
stephanie09@sexton-spencer.com,False,BASIC,9.88,17 Feb 2020,19 Feb 2020,108.53,"77 Massachusetts Ave
Cambridge, MA 02139",4285102311649280378
morrowbonnie@davis.com,False,BASIC,30.88,13 Oct 2020,16 Oct 2020,145.39,"5678 Office Road
San Francisco, CA 94103",4371834798523
rmejia@buchanan-maynard.com,False,BASIC,30.98,20 Jul 2020,24 Jul 2020,117.02,"84310 Sean Burg Suite 336
Johnsonberg, KY 97989",563625723090
igibson@williams.info,False,BASIC,36.68,31 Jul 2020,03 Aug 2020,382.97,"7105 Lauren Cliffs Suite 835
Hartfurt, VT 96920",4041926457433
woodsjoseph@ferguson.com,False,BASIC,23.25,02 Feb 2020,04 Feb 2020,115.65,"1234 Corporate Drive
Boston, MA 02116",4291824832415
ptaylor@rhodes-johnson.org,False,BASIC,,05 Jul 2020,08 Jul 2020,109.8,"77 Massachusetts Ave
Cambridge, MA 02139",3527546197874381
amanda09@nelson.com,False,BASIC,9.32,17 May 2020,19 May 2020,111.59,"448 Warren Glen Apt. 314
North Daniellestad, RI 07121",3575486711370031
gjohnson@miller.biz,False,BASIC,22.54,13 Sep 2020,15 Sep 2020,129.11,"7807 Jessica Plaza
New David, MI 57970",180054113583826
garrettrandy@beck.com,False,BASIC,27.92,09 Feb 2020,10 Feb 2020,110.0,"Unit 5037 Box 8794
DPO AP 31934",2245330590919827
gonzalezcarol@perry.org,True,BASIC,0.0,19 Feb 2020,22 Feb 2020,85.68,"003 Schultz Extension
Williamport, IA 16397",577537806413
kevinguerrero@carter.com,False,DELUXE,5.57,14 Nov 2020,17 Nov 2020,278.46,"PSC 0363, Box 4011
APO AA 93963",4606786888323064
david29@house.com,False,DELUXE,40.27,29 Jan 2020,31 Jan 2020,180.81,"77 Massachusetts Ave
Cambridge, MA 02139",347171872313631
ericwilson@ramos-hall.net,True,BASIC,0.0,30 Nov 2020,03 Dec 2020,171.25,"5678 Office Road
San Francisco, CA 94103",630453945358
christopher09@robinson-campbell.net,False,BASIC,,27 May 2020,30 May 2020,123.13,"923 Bonilla Extension Apt. 787
Brianside, TN 20966",180072399869776
carmen23@hodges.org,False,BASIC,37.48,06 Mar 2020,09 Mar 2020,106.94,"6906 Ann Forks
Alvarezton, IL 83109",345598921415052
jasonadkins@wright-jones.com,False,BASIC,20.56,21 Jul 2020,23 Jul 2020,206.31,"5678 Office Road
San Francisco, CA 94103",4716488521714
gschultz@hill.info,False,BASIC,32.18,20 Mar 2020,21 Mar 2020,116.39,"65006 Wise Brooks
Johnsonville, AK 69821",5387625952115109
tking@fisher.com,False,DELUXE,34.47,02 Jun 2020,03 Jun 2020,182.33,"PSC 8239, Box 6714
APO AA 74005",38539491948421
joshua73@moore-price.com,False,BASIC,,21 Jul 2020,22 Jul 2020,121.44,"USNS Walsh
FPO AA 74186",6528368724541777
fmartin@smith.com,False,BASIC,31.69,13 Aug 2020,16 Aug 2020,172.71,"5678 Office Road
San Francisco, CA 94103",377202878209961
erinpope@price-weber.com,False,BASIC,,11 Jan 2020,13 Jan 2020,139.8,"1234 Corporate Drive
Boston, MA 02116",180035858154782
alexis29@garcia.com,False,SUITE,32.94,16 Aug 2020,18 Aug 2020,295.89,"77 Massachusetts Ave
Cambridge, MA 02139",3524036046659111
xsims@mack-williams.com,False,BASIC,30.46,03 May 2020,05 May 2020,216.09,"468 Michelle Meadow
Lake Janiceton, CO 04554",4212325356062940
miguel07@gonzales.net,False,BASIC,14.61,14 Oct 2020,17 Oct 2020,124.89,"1234 Corporate Drive
Boston, MA 02116",342728246313566
derrickwalker@diaz-thomas.com,False,BASIC,31.89,06 Jun 2020,07 Jun 2020,129.25,"77376 Brett Station Apt. 553
Port Sandyton, OK 99254",3534011282914908
millerlindsay@jones.com,False,BASIC,9.48,08 Jul 2020,11 Jul 2020,116.02,"74382 Davidson Overpass
Suzannehaven, OR 08372",5254781783937219
austinhunter@flores-bennett.com,True,BASIC,0.0,20 Mar 2020,21 Mar 2020,84.69,"77 Massachusetts Ave
Cambridge, MA 02139",565744425382
christina28@pearson.net,False,DELUXE,21.2,10 Jul 2020,11 Jul 2020,192.38,"2761 Karen Inlet Suite 474
Browntown, MA 69331",30551578900785
hudsonanthony@jensen-johnson.com,False,BASIC,22.3,07 Oct 2020,08 Oct 2020,201.19,"136 Jane Creek
Pamelashire, DC 55417",30122568381756
bunderwood@miller.com,False,BASIC,20.61,31 May 2020,03 Jun 2020,103.56,"882 Mason Trace
Chelseyside, MO 34260",180068708099055
douglasschneider@mayo.com,False,BASIC,21.24,21 Dec 2020,22 Dec 2020,177.01,"63517 Hernandez Squares Apt. 982
Davidview, NH 09163",344856703753772
dford@cole-chang.com,True,BASIC,0.0,18 Mar 2020,19 Mar 2020,106.09,"16705 Ricardo Summit
Williamland, IL 78575",4862050819223272833
fuentesstephen@perry-mason.com,False,BASIC,16.23,18 Sep 2020,20 Sep 2020,108.08,"750 Timothy Islands Suite 561
South Travisfort, MN 59519",4257368891931660047
randolphalison@pugh.com,False,BASIC,18.22,06 Jan 2021,08 Jan 2021,121.44,"5678 Office Road
San Francisco, CA 94103",566336936661
davery@moore-thompson.com,False,DELUXE,29.36,27 Dec 2020,28 Dec 2020,293.67,"1234 Corporate Drive
Boston, MA 02116",4657620389661870
thomas04@maynard.com,False,BASIC,22.45,04 Jun 2020,05 Jun 2020,111.32,"1854 Davis Pine Apt. 637
Port Alison, NE 08642",4012142964345232448
xwoodard@hill.com,False,BASIC,21.0,10 Sep 2020,13 Sep 2020,144.28,"77 Massachusetts Ave
Cambridge, MA 02139",213118359024414
ortizalyssa@pitts.com,False,BASIC,32.04,12 Apr 2020,16 Apr 2020,162.27,"67672 Wagner Lane
Ramoshaven, MI 94449",38615190552381
markcraig@rodriguez.com,False,BASIC,30.0,10 Jun 2020,13 Jun 2020,108.19,"77 Massachusetts Ave
Cambridge, MA 02139",373518422879379
lauraharrington@meza.com,False,BASIC,8.63,20 Jan 2020,23 Jan 2020,137.82,"7150 Jose Neck
West Bobby, NH 57804",4257265580292
kelleykathy@berry.com,True,DELUXE,0.0,20 Jan 2020,23 Jan 2020,174.3,"77 Massachusetts Ave
Cambridge, MA 02139",4342433336767
james96@price.com,False,BASIC,27.96,27 Oct 2020,28 Oct 2020,112.5,"1234 Corporate Drive
Boston, MA 02116",2476007746597968
jesusalvarez@miller.info,False,BASIC,13.46,06 Jun 2020,07 Jun 2020,139.84,"463 Simmons Forks
Port Eric, VA 11253",6560695332708789
williampope@williams.biz,False,BASIC,25.45,27 Nov 2020,30 Nov 2020,114.0,"77 Massachusetts Ave
Cambridge, MA 02139",4841896760975
howellscott@williams.com,False,BASIC,11.69,25 Aug 2020,28 Aug 2020,111.27,"77 Massachusetts Ave
Cambridge, MA 02139",180099538941885
victoriawest@burton.org,False,DELUXE,47.73,05 Aug 2020,06 Aug 2020,180.84,"PSC 3710, Box 0259
APO AA 17597",4170434178108855
duketara@jenkins.org,True,DELUXE,0.0,15 Feb 2020,18 Feb 2020,169.53,"448 Warren Glen Apt. 314
North Daniellestad, RI 07121",6581222995752601
deanna47@king-king.com,False,DELUXE,31.25,17 May 2020,19 May 2020,188.08,"719 Tammy Cove Suite 832
Gregoryville, WV 39515",30331814250174
qcurtis@johnston.com,False,BASIC,20.82,24 Feb 2020,27 Feb 2020,111.49,"86991 Mark Springs
South Christopher, OK 52641",5241472452042103
qfleming@brown-walker.org,False,BASIC,36.03,25 Jul 2020,28 Jul 2020,106.37,"94102 Thomas Causeway
Villafurt, MN 40012",3557338459387580
reynoldswesley@brooks-doyle.com,False,BASIC,11.23,15 Dec 2020,17 Dec 2020,105.13,"2500 Smith Burgs
Sethshire, LA 94727",4941471718131
jessicasloan@phillips.biz,False,BASIC,21.32,20 Jul 2020,22 Jul 2020,109.12,"259 Kenneth Ports
Port Cathy, SC 72708",340321253127236
adamsmark@phillips-barnes.com,False,BASIC,46.27,26 May 2020,27 May 2020,141.68,"7874 Joshua Hills Apt. 837
Fullerfort, HI 81547",2224569421948456
bvalenzuela@torres.com,False,BASIC,,09 Apr 2020,12 Apr 2020,108.9,"PSC 5502, Box 9414
APO AP 62466",676311155136
bradley71@kennedy.biz,False,BASIC,15.23,27 May 2020,28 May 2020,185.19,"41538 Kevin Court Suite 962
Port Aaronburgh, OH 90832",588335177212
lmann@payne.org,False,DELUXE,32.2,28 Mar 2020,29 Mar 2020,205.21,"PSC 9068, Box 3403
APO AA 63140",4914486597964
elopez@miller.com,False,BASIC,18.57,15 Apr 2020,17 Apr 2020,123.53,"6035 Guzman Knolls
Cooketon, KS 79826",4403802916859766
james19@green.info,False,DELUXE,14.39,13 Jul 2020,14 Jul 2020,181.03,"56954 Montgomery Loop
Williamshire, NJ 43500",2465094079662307
mcfarlandmichael@anderson.biz,False,BASIC,17.76,01 Dec 2020,02 Dec 2020,241.68,"5678 Office Road
San Francisco, CA 94103",2692326159400934
sarah49@burton-roberts.org,True,SUITE,0.0,13 Oct 2020,15 Oct 2020,204.76,"9726 Amber Station
East Keithland, ND 56091",6011258600416893
sstevenson@parker.com,True,DELUXE,0.0,03 Jul 2020,05 Jul 2020,174.26,"4940 Carpenter Harbor Apt. 333
Fletcherbury, OH 70388",4046581058023190
shirley92@clark.com,True,SUITE,0.0,05 Jul 2020,06 Jul 2020,309.33,"1234 Corporate Drive
Boston, MA 02116",3503407440946302
kevindorsey@fernandez-scott.info,False,BASIC,25.99,07 Oct 2020,08 Oct 2020,116.46,"77 Massachusetts Ave
Cambridge, MA 02139",4133115085336384
stephanie07@thornton-pacheco.org,False,BASIC,7.13,10 Apr 2020,,110.14,"77 Massachusetts Ave
Cambridge, MA 02139",4023615601119338267
larryarnold@anderson.info,True,SUITE,0.0,02 Mar 2020,04 Mar 2020,219.71,"10400 Janet Mission Suite 620
Davenportberg, OH 35247",4467149727366794
shall@humphrey.com,False,DELUXE,30.55,08 Sep 2020,10 Sep 2020,225.18,"5678 Office Road
San Francisco, CA 94103",342083853895574
kevincardenas@moore-mendoza.org,False,BASIC,7.2,27 Jun 2020,28 Jun 2020,178.16,"1234 Corporate Drive
Boston, MA 02116",6523936482976917
fjenkins@dawson-kelly.com,False,SUITE,15.8,02 Mar 2020,05 Mar 2020,286.76,"1234 Corporate Drive
Boston, MA 02116",3522235794160338
jbaker@adams.com,False,BASIC,14.18,18 Jun 2020,22 Jun 2020,106.89,"2761 Karen Inlet Suite 474
Browntown, MA 69331",3561736251498204
mmoore@murray.com,False,BASIC,14.64,26 Sep 2020,28 Sep 2020,110.23,"49380 Rivers Street
Spencerville, AK 68265",502095999624
daybarbara@graham.com,False,BASIC,19.89,29 Mar 2020,30 Mar 2020,124.62,"Unit 9902 Box 5493
DPO AA 83293",4185660640095691
gibsondonna@smith.org,False,DELUXE,22.56,13 Nov 2020,15 Nov 2020,180.61,"55971 Gordon Courts Apt. 346
Deanside, CT 64117",6011773639198148
juanshepherd@doyle.biz,False,BASIC,22.02,14 Jul 2020,,115.8,"PSC 3626, Box 0936
APO AE 63573",5464936567026193
megantaylor@flores.com,False,BASIC,29.7,01 Jan 2021,,288.85,"PSC 5158, Box 5436
APO AP 49175",4367462155028
taylorrobert@henderson.biz,False,SUITE,21.37,13 Feb 2020,14 Feb 2020,256.98,"945 Jamie Viaduct Apt. 964
Lake Brendaport, ME 27207",4602469054715435665
joshua15@gaines.com,True,DELUXE,0.0,22 Jun 2020,24 Jun 2020,204.11,"361 Compton Harbor
Yvetteland, KS 17306",4523783681085860804
patriciaanderson@moore-castillo.com,False,BASIC,21.12,16 Jul 2020,19 Jul 2020,107.9,"136 Jane Creek
Pamelashire, DC 55417",2715417717805004
patriciawilson@cook.org,False,BASIC,7.99,01 Sep 2020,03 Sep 2020,114.29,"748 Holly Way Suite 309
West Bruce, OK 55466",30377112085085
megan44@rodriguez-mejia.com,False,BASIC,27.71,16 Aug 2020,18 Aug 2020,118.73,"5678 Office Road
San Francisco, CA 94103",5578220251191883
chad98@price.com,True,SUITE,0.0,08 Jun 2020,10 Jun 2020,204.46,"77 Massachusetts Ave
Cambridge, MA 02139",560507668153
tclarke@day.biz,False,BASIC,22.22,29 Jan 2020,30 Jan 2020,118.08,"5678 Office Road
San Francisco, CA 94103",213130140127083
kferguson@barnes.com,True,DELUXE,0.0,11 Jan 2020,13 Jan 2020,213.47,"5352 Anthony Shoals Apt. 499
West Paulhaven, NM 71840",30123493524791
mccormickbrittany@wilson.com,False,BASIC,25.78,20 Dec 2020,22 Dec 2020,141.15,"71174 Walker Via
Garyton, TN 87528",3574979486199545
pottsgabriel@kaufman.com,False,BASIC,20.85,24 Sep 2020,27 Sep 2020,140.36,"5805 Norris Radial Suite 023
West Stephen, RI 08085",4276212116724949
brittanybailey@bates-williams.com,False,BASIC,20.13,18 Oct 2020,20 Oct 2020,108.98,"77 Massachusetts Ave
Cambridge, MA 02139",4007285303805798357
wesley90@howard.com,False,BASIC,37.91,19 Apr 2020,22 Apr 2020,117.37,"1234 Corporate Drive
Boston, MA 02116",180081777207954
samantha42@rodriguez.org,False,BASIC,32.2,20 Jun 2020,22 Jun 2020,124.59,"6681 Fisher Harbor Suite 825
South Rebecca, WY 76598",6011366828753003
wmorton@stanley.com,False,BASIC,21.92,25 Oct 2020,26 Oct 2020,139.59,"780 Charles Fields
North Sharonmouth, DC 90483",3599900650429543
amandasmith@cox-galvan.com,False,BASIC,28.95,13 Jul 2020,16 Jul 2020,176.9,"5678 Office Road
San Francisco, CA 94103",4109127084665887
amanda93@lin-nelson.com,False,BASIC,15.71,21 May 2020,23 May 2020,107.39,"878 Carolyn Dale
Johnhaven, DC 08878",213162992830407
fmorales@malone-powell.com,False,BASIC,15.54,26 Nov 2020,29 Nov 2020,209.9,"67672 Wagner Lane
Ramoshaven, MI 94449",30025348202012
jack31@collins-bauer.com,False,SUITE,,26 Sep 2020,29 Sep 2020,265.09,"913 Griffin Spurs
Krausemouth, MD 07676",4094273808531621550
justin41@mclean-vincent.net,False,BASIC,15.34,09 Sep 2020,12 Sep 2020,115.62,"953 White Island
Christopherside, TN 91366",4997007688211111
jennifer93@ross.biz,False,BASIC,32.1,15 Sep 2020,16 Sep 2020,106.0,"975 Julia Mills Apt. 917
East Matthewchester, FL 22011",3501951215134257
wwalker@nguyen.com,False,BASIC,16.86,25 Nov 2020,26 Nov 2020,118.77,"1234 Corporate Drive
Boston, MA 02116",3553805464121406
tristanmccullough@williams.info,False,BASIC,21.53,05 Oct 2020,08 Oct 2020,115.99,"81336 Bianca Ville Suite 009
New Matthew, LA 51794",503825235156
rcopeland@miller.com,False,BASIC,15.56,26 Jul 2020,28 Jul 2020,105.84,"6067 Tommy Via
East Robinville, AL 20902",3507677491405293
bakerjennifer@holmes.com,False,DELUXE,40.88,17 Nov 2020,19 Nov 2020,190.01,"2224 Hahn Lane Apt. 597
South Zacharystad, NY 69895",3504340315602214
whitemichelle@schneider-coleman.com,False,BASIC,22.4,07 Jan 2020,10 Jan 2020,122.68,"2117 Arnold Village
South Oscarport, PA 57297",2720579069822037
flowersalexander@castro.com,False,DELUXE,14.49,02 Nov 2020,03 Nov 2020,188.31,"33825 Moreno Motorway Apt. 198
Lake Daniel, NM 92683",3536694774772930
kimjoe@escobar.com,False,BASIC,15.29,12 Dec 2020,16 Dec 2020,143.78,"74489 Simmons Trail
Valdezstad, GA 17568",30090542621201
timothywilliams@hull.com,False,DELUXE,22.79,25 Sep 2020,26 Sep 2020,182.21,"06133 Mendoza Light
Geneberg, RI 46223",3591581517359921
dean26@garza.com,False,BASIC,12.85,25 Apr 2020,26 Apr 2020,148.91,"1234 Corporate Drive
Boston, MA 02116",345403246062640
judy00@johnson-meyer.com,False,DELUXE,8.58,11 Aug 2020,15 Aug 2020,191.68,"4758 Parsons Camp
Lake Annettehaven, DC 78176",3521577157408460
jeffrey32@owen.com,False,SUITE,11.34,17 Mar 2020,18 Mar 2020,279.14,"776 Parker Locks Suite 350
Pamelamouth, WY 15909",6578371731963793
belljose@goodwin-farrell.net,False,BASIC,23.41,06 Nov 2020,07 Nov 2020,103.17,"45274 Andrew Bridge
New Elizabethton, FL 05037",4534892217780995
martinezmelody@michael.info,False,BASIC,23.8,17 Nov 2020,20 Nov 2020,122.85,"74390 Jones Knolls
Port Brookeburgh, ME 47272",4112009209882613729
sandrawood@fletcher.com,False,BASIC,30.1,02 Nov 2020,04 Nov 2020,118.88,"221 Lopez Bypass Suite 004
Benjaminchester, ME 19764",4243591546864973
scott83@cruz.info,False,BASIC,8.64,12 Jul 2020,13 Jul 2020,151.2,"022 Cathy Estate Suite 068
Lake Kimberlyburgh, AR 81191",2268054116063553
cyates@hodge-mays.com,False,BASIC,21.64,22 Nov 2020,25 Nov 2020,106.17,"0156 Russell Trail Apt. 291
Port Scottchester, IA 23231",373486092866649
autumnbrown@black.net,False,BASIC,34.44,26 Oct 2020,28 Oct 2020,178.57,"20185 Devin Junction Suite 985
New Damonshire, PA 92492",3582591060641444
lisahernandez@henry.net,False,DELUXE,36.26,07 Mar 2020,08 Mar 2020,181.8,"9525 Adkins Valleys Apt. 059
Michaelfort, UT 59519",3566886539059875
carterselena@zavala.com,False,BASIC,24.65,26 Aug 2020,27 Aug 2020,174.94,"5678 Office Road
San Francisco, CA 94103",4155982572148834359
stephanie52@jensen.org,True,SUITE,0.0,01 Mar 2020,02 Mar 2020,235.81,"755 Kathleen Branch
Julietown, KS 39413",4559707677998930483
caleb90@baker.org,False,BASIC,22.46,01 Dec 2020,03 Dec 2020,109.45,"06567 John Walk Apt. 238
West Scott, NV 61617",675989868145
christophergarcia@harris.com,False,BASIC,24.33,07 Apr 2020,10 Apr 2020,275.87,"747 Levy Inlet
Carlosshire, WY 29435",675948398762
lorihernandez@levine.com,True,SUITE,0.0,30 Jun 2020,02 Jul 2020,206.08,"10400 Janet Mission Suite 620
Davenportberg, OH 35247",3579211175198421
uwilson@wilson.biz,False,SUITE,11.27,15 Jan 2020,16 Jan 2020,266.91,"77 Massachusetts Ave
Cambridge, MA 02139",4953579253548398330
wcox@moore.com,False,BASIC,13.26,30 May 2020,01 Jun 2020,124.71,"975 Julia Mills Apt. 917
East Matthewchester, FL 22011",4331565134617376
samuelthompson@gallegos.com,False,BASIC,22.66,19 Jan 2020,21 Jan 2020,133.84,"2506 Christopher Lock
Lake Paul, IL 17894",5384429416877617
harrisdenise@davidson-holland.info,False,BASIC,11.56,13 Oct 2020,15 Oct 2020,125.19,"77 Massachusetts Ave
Cambridge, MA 02139",4799392441435
coreytaylor@porter-choi.com,False,BASIC,19.59,16 Aug 2020,18 Aug 2020,144.66,"41538 Kevin Court Suite 962
Port Aaronburgh, OH 90832",2419478417491957
pgomez@moore.com,False,BASIC,28.53,30 Dec 2020,01 Jan 2021,131.79,"4274 Haynes Alley Apt. 017
North Sharon, AZ 71154",6591207564593070
laurastewart@williams.com,False,BASIC,24.47,29 Nov 2020,01 Dec 2020,120.75,"6078 Henry Passage Apt. 109
Mccartyberg, KS 32014",346177918392159
ggillespie@conrad.com,False,BASIC,17.85,26 Aug 2020,30 Aug 2020,107.93,"1234 Corporate Drive
Boston, MA 02116",3510137679437019
gsanchez@jackson.info,True,DELUXE,0.0,07 Jun 2020,09 Jun 2020,154.22,"430 Pacheco Way Suite 104
Codyville, OK 98583",4324982253017453
smithkristina@fox-williams.org,False,BASIC,16.61,18 Dec 2020,,149.53,"88394 Boyle Meadows
Conleyberg, TN 22063",4755776418577023
toddmoore@williams.info,False,BASIC,14.48,10 Mar 2020,11 Mar 2020,106.26,"1234 Corporate Drive
Boston, MA 02116",4053685242271325982
murphyjose@sandoval.com,False,BASIC,15.23,10 May 2020,14 May 2020,122.44,"77 Massachusetts Ave
Cambridge, MA 02139",30393625762656
jonathan08@martinez.com,False,BASIC,16.69,20 Apr 2020,24 Apr 2020,102.59,"0215 Chase Roads Suite 951
Port Joshua, MS 80335",213172157411539
sjackson@diaz.com,False,DELUXE,16.36,18 Apr 2020,21 Apr 2020,185.02,"5678 Office Road
San Francisco, CA 94103",6512619141183173
kristi23@lawson-wilson.com,False,BASIC,18.99,23 Jul 2020,25 Jul 2020,103.96,"9525 Adkins Valleys Apt. 059
Michaelfort, UT 59519",4724741690964305
xingram@moses.com,False,BASIC,7.48,11 May 2020,13 May 2020,169.72,"7602 John Mill Apt. 258
Dustinbury, DE 85141",4711730811777195574
laurabennett@jones-duncan.net,False,BASIC,8.71,04 Jan 2021,06 Jan 2021,103.25,"5678 Office Road
San Francisco, CA 94103",3505516387300030
johnny71@cook.info,False,BASIC,16.31,24 Aug 2020,26 Aug 2020,115.81,"953 White Island
Christopherside, TN 91366",2224524502892552
ygarcia@ballard-lopez.net,False,BASIC,30.59,11 Nov 2020,13 Nov 2020,141.61,"5678 Office Road
San Francisco, CA 94103",180096250673548
thomasdale@hall.com,False,BASIC,1.93,16 Jul 2020,18 Jul 2020,136.92,"5678 Office Road
San Francisco, CA 94103",4488223821722
danieltaylor@harper.com,False,BASIC,3.84,22 Mar 2020,25 Mar 2020,143.52,"034 Tran Oval
Howardshire, VT 40933",213165812201188
